-- phpMyAdmin SQL Dump
-- version 4.6.6deb4
-- https://www.phpmyadmin.net/
--
-- Počítač: localhost:3306
-- Vytvořeno: Ned 23. zář 2018, 20:40
-- Verze serveru: 10.1.26-MariaDB-0+deb9u1
-- Verze PHP: 7.0.30-0+deb9u1

SET SQL_MODE = "NO_AUTO_VALUE_ON_ZERO";
SET time_zone = "+00:00";


/*!40101 SET @OLD_CHARACTER_SET_CLIENT=@@CHARACTER_SET_CLIENT */;
/*!40101 SET @OLD_CHARACTER_SET_RESULTS=@@CHARACTER_SET_RESULTS */;
/*!40101 SET @OLD_COLLATION_CONNECTION=@@COLLATION_CONNECTION */;
/*!40101 SET NAMES utf8mb4 */;


create schema wa4_skola default char set utf8mb4 default collate utf8mb4_czech_ci;
use wa4_skola;

--
-- Databáze: `bajer`
--

-- --------------------------------------------------------

--
-- Struktura tabulky `kategorieznamek`
--

DROP TABLE IF EXISTS `kategorieznamek`;
CREATE TABLE `kategorieznamek` (
  `idKategorieZnamek` int(10) UNSIGNED NOT NULL,
  `Nazev` varchar(45) COLLATE utf8_czech_ci NOT NULL,
  `Vaha` tinyint(3) UNSIGNED NOT NULL,
  `idVyucovaneSkupiny` int(10) UNSIGNED NOT NULL
) ENGINE=InnoDB DEFAULT CHARSET=utf8 COLLATE=utf8_czech_ci;

--
-- Vypisuji data pro tabulku `kategorieznamek`
--

INSERT INTO `kategorieznamek` (`idKategorieZnamek`, `Nazev`, `Vaha`, `idVyucovaneSkupiny`) VALUES
(1, 'Teoretický test (3)', 3, 7),
(2, 'Teoretický test (6)', 6, 7),
(3, 'Zkoušení', 2, 7),
(4, 'Praktický test', 3, 8),
(5, 'Zkoušení', 2, 12),
(6, 'Praktický test', 3, 12),
(7, 'Projekt', 2, 7),
(8, 'Projekt', 2, 12),
(9, 'Aktivita', 1, 7),
(10, 'Aktivita', 1, 8),
(11, 'Aktivita', 1, 12),
(12, 'Projekt', 2, 8),
(13, 'Praktický test', 3, 9),
(14, 'Zkoušení', 2, 9),
(15, 'Aktivita', 1, 9);

-- --------------------------------------------------------

--
-- Struktura tabulky `predmety`
--

DROP TABLE IF EXISTS `predmety`;
CREATE TABLE `predmety` (
  `idPredmety` int(10) UNSIGNED NOT NULL,
  `Zkratka` varchar(2) COLLATE utf8_czech_ci NOT NULL,
  `Nazev` varchar(45) COLLATE utf8_czech_ci NOT NULL
) ENGINE=InnoDB DEFAULT CHARSET=utf8 COLLATE=utf8_czech_ci;

--
-- Vypisuji data pro tabulku `predmety`
--

INSERT INTO `predmety` (`idPredmety`, `Zkratka`, `Nazev`) VALUES
(1, 'DB', 'Databáze'),
(2, 'PG', 'Programování');

-- --------------------------------------------------------

--
-- Struktura tabulky `skupiny`
--

DROP TABLE IF EXISTS `skupiny`;
CREATE TABLE `skupiny` (
  `idSkupiny` int(10) UNSIGNED NOT NULL,
  `Oznaceni` varchar(45) COLLATE utf8_czech_ci NOT NULL,
  `idTridy` int(10) UNSIGNED NOT NULL
) ENGINE=InnoDB DEFAULT CHARSET=utf8 COLLATE=utf8_czech_ci;

--
-- Vypisuji data pro tabulku `skupiny`
--

INSERT INTO `skupiny` (`idSkupiny`, `Oznaceni`, `idTridy`) VALUES
(13, 'Celá', 1),
(14, 'S1', 1),
(15, 'S2', 1),
(16, 'Celá', 2),
(17, 'S1', 2),
(18, 'S2', 2),
(19, 'Celá', 3),
(20, 'S1', 3),
(21, 'S2', 3),
(22, 'Celá', 4),
(23, 'S1', 4),
(24, 'S2', 4),
(7, 'Celá', 5),
(8, 'S1', 5),
(9, 'S2', 5),
(10, 'Celá', 6),
(11, 'S1', 6),
(12, 'S2', 6),
(25, 'Celá', 7),
(26, 'S1', 7),
(27, 'S2', 7),
(28, 'Celá', 8),
(29, 'S1', 8),
(30, 'S2', 8),
(31, 'Celá', 9),
(32, 'S1', 9),
(33, 'Celá', 10),
(34, 'S1', 10),
(35, 'S2', 10),
(36, 'Celá', 11),
(37, 'S1', 11),
(38, 'S2', 11),
(1, 'Celá', 12),
(2, 'S1', 12),
(3, 'S2', 12),
(4, 'Celá', 13),
(5, 'S1', 13),
(6, 'S2', 13),
(39, 'Celá', 14),
(40, 'S1', 14),
(41, 'S2', 14),
(42, 'Celá', 15),
(43, 'S1', 15),
(44, 'S2', 15),
(45, 'Celá', 16),
(49, 'OV1', 16),
(50, 'OV2', 16),
(51, 'OV3', 16),
(52, 'OV4', 16),
(46, 'S1', 16),
(47, 'S2', 16),
(48, 'S3', 16),
(53, 'Celá', 17),
(54, 'S1', 17),
(55, 'S2', 17),
(56, 'Celá', 18),
(57, 'S1', 18),
(58, 'S2', 18),
(59, 'Celá', 19),
(60, 'S1', 19),
(61, 'S2', 19),
(62, 'Celá', 20),
(63, 'S1', 20),
(64, 'S2', 20),
(65, 'Celá', 21),
(66, 'S1', 21),
(67, 'S2', 21),
(68, 'Celá', 22),
(69, 'S1', 22),
(70, 'S2', 22),
(71, 'Celá', 23),
(72, 'S1', 23),
(73, 'S2', 23),
(74, 'Celá', 24),
(75, 'S1', 24),
(76, 'S2', 24),
(77, 'Celá', 25),
(78, 'S1', 25),
(79, 'S2', 25),
(80, 'Celá', 26),
(81, 'S1', 26),
(82, 'S2', 26),
(83, 'Celá', 27),
(84, 'S1', 27),
(85, 'S2', 27),
(86, 'Celá', 28),
(87, 'S1', 28),
(88, 'S2', 28),
(89, 'Celá', 29),
(90, 'S1', 29),
(91, 'S2', 29),
(92, 'Celá', 30),
(93, 'S1', 30),
(94, 'S2', 30),
(95, 'Celá', 31),
(96, 'S1', 31),
(97, 'S2', 31);

-- --------------------------------------------------------

--
-- Struktura tabulky `skupinyzaku`
--

DROP TABLE IF EXISTS `skupinyzaku`;
CREATE TABLE `skupinyzaku` (
  `idSkupiny` int(10) UNSIGNED NOT NULL,
  `idZaci` int(10) UNSIGNED NOT NULL
) ENGINE=InnoDB DEFAULT CHARSET=utf8 COLLATE=utf8_czech_ci;

--
-- Vypisuji data pro tabulku `skupinyzaku`
--

INSERT INTO `skupinyzaku` (`idSkupiny`, `idZaci`) VALUES
(1, 257),
(1, 258),
(1, 259),
(1, 260),
(1, 261),
(1, 262),
(1, 263),
(1, 264),
(1, 265),
(1, 266),
(1, 267),
(1, 268),
(1, 269),
(1, 270),
(1, 271),
(1, 272),
(1, 273),
(1, 274),
(1, 275),
(1, 276),
(1, 277),
(1, 278),
(1, 279),
(1, 280),
(2, 257),
(2, 258),
(2, 259),
(2, 260),
(2, 261),
(2, 262),
(2, 263),
(2, 264),
(2, 265),
(2, 266),
(2, 267),
(2, 268),
(3, 269),
(3, 270),
(3, 271),
(3, 272),
(3, 273),
(3, 274),
(3, 275),
(3, 276),
(3, 277),
(3, 278),
(3, 279),
(3, 280),
(4, 281),
(4, 282),
(4, 283),
(4, 284),
(4, 285),
(4, 286),
(4, 287),
(4, 288),
(4, 289),
(4, 290),
(4, 291),
(4, 292),
(4, 293),
(4, 294),
(4, 295),
(4, 296),
(4, 297),
(4, 298),
(4, 299),
(4, 300),
(4, 301),
(4, 302),
(4, 303),
(4, 304),
(4, 305),
(4, 306),
(5, 281),
(5, 282),
(5, 283),
(5, 284),
(5, 285),
(5, 286),
(5, 287),
(5, 288),
(5, 289),
(5, 290),
(5, 291),
(5, 292),
(5, 293),
(5, 295),
(5, 298),
(6, 294),
(6, 296),
(6, 297),
(6, 299),
(6, 300),
(6, 301),
(6, 302),
(6, 303),
(6, 304),
(6, 305),
(6, 306),
(7, 92),
(7, 93),
(7, 94),
(7, 95),
(7, 96),
(7, 97),
(7, 98),
(7, 99),
(7, 100),
(7, 101),
(7, 102),
(7, 103),
(7, 104),
(7, 105),
(7, 106),
(7, 107),
(7, 108),
(7, 109),
(7, 110),
(7, 111),
(7, 112),
(7, 113),
(7, 114),
(7, 115),
(7, 116),
(7, 117),
(7, 118),
(7, 119),
(7, 120),
(7, 121),
(8, 92),
(8, 93),
(8, 94),
(8, 95),
(8, 96),
(8, 97),
(8, 98),
(8, 99),
(8, 100),
(8, 101),
(8, 102),
(8, 103),
(8, 104),
(8, 105),
(8, 106),
(8, 107),
(9, 108),
(9, 109),
(9, 110),
(9, 111),
(9, 112),
(9, 113),
(9, 114),
(9, 115),
(9, 116),
(9, 117),
(9, 118),
(9, 119),
(9, 120),
(9, 121),
(10, 122),
(10, 123),
(10, 124),
(10, 125),
(10, 126),
(10, 127),
(10, 128),
(10, 129),
(10, 130),
(10, 131),
(10, 132),
(10, 133),
(10, 134),
(10, 135),
(10, 136),
(10, 137),
(10, 138),
(10, 139),
(10, 140),
(10, 141),
(10, 142),
(10, 143),
(10, 144),
(10, 145),
(10, 146),
(10, 147),
(10, 148),
(10, 149),
(10, 150),
(10, 151),
(11, 122),
(11, 123),
(11, 124),
(11, 125),
(11, 126),
(11, 127),
(11, 128),
(11, 129),
(11, 130),
(11, 131),
(11, 132),
(11, 133),
(11, 134),
(11, 135),
(11, 136),
(11, 137),
(12, 138),
(12, 139),
(12, 140),
(12, 141),
(12, 142),
(12, 143),
(12, 144),
(12, 145),
(12, 146),
(12, 147),
(12, 148),
(12, 149),
(12, 150),
(12, 151),
(45, 360),
(45, 361),
(45, 362),
(45, 363),
(45, 364),
(45, 365),
(45, 366),
(45, 367),
(45, 368),
(45, 369),
(45, 370),
(45, 371),
(45, 372),
(45, 373),
(45, 374),
(45, 375),
(45, 376),
(45, 377),
(45, 378),
(45, 379),
(45, 380),
(45, 381),
(45, 382),
(45, 383),
(45, 384),
(45, 385),
(46, 360),
(46, 361),
(46, 363),
(46, 364),
(46, 366),
(46, 367),
(46, 369),
(46, 370),
(46, 372),
(46, 373),
(47, 374),
(47, 375),
(47, 377),
(47, 378),
(47, 380),
(47, 381),
(47, 383),
(47, 384),
(48, 362),
(48, 365),
(48, 368),
(48, 371),
(48, 376),
(48, 379),
(48, 382),
(48, 385),
(49, 360),
(49, 361),
(49, 362),
(49, 363),
(49, 364),
(49, 365),
(49, 366),
(50, 367),
(50, 368),
(50, 369),
(50, 370),
(50, 371),
(50, 372),
(50, 373),
(51, 374),
(51, 375),
(51, 376),
(51, 377),
(51, 378),
(51, 379),
(52, 380),
(52, 381),
(52, 382),
(52, 383),
(52, 384),
(52, 385);

-- --------------------------------------------------------

--
-- Struktura tabulky `tridy`
--

DROP TABLE IF EXISTS `tridy`;
CREATE TABLE `tridy` (
  `idTridy` int(10) UNSIGNED NOT NULL,
  `Oznaceni` varchar(4) COLLATE utf8_czech_ci NOT NULL
) ENGINE=InnoDB DEFAULT CHARSET=utf8 COLLATE=utf8_czech_ci;

--
-- Vypisuji data pro tabulku `tridy`
--

INSERT INTO `tridy` (`idTridy`, `Oznaceni`) VALUES
(1, '1.A'),
(2, '1.B'),
(3, '1.C'),
(4, '1.D'),
(5, '1.E'),
(6, '1.F'),
(7, '1.G'),
(8, '1.H'),
(9, '1.ME'),
(10, '2.A'),
(11, '2.B'),
(12, '2.C'),
(13, '2.D'),
(14, '2.E'),
(15, '2.F'),
(16, '2.ME'),
(17, '3.A'),
(18, '3.B'),
(19, '3.C'),
(20, '3.D'),
(21, '3.E'),
(22, '3.F'),
(23, '3.G'),
(24, '3.ME'),
(25, '4.A'),
(26, '4.B'),
(27, '4.C'),
(28, '4.D'),
(29, '4.E'),
(30, '4.F'),
(31, '4.ME'),
(32, '4.G'),
(33, '5.B'),
(36, '6.A');

-- --------------------------------------------------------

--
-- Struktura tabulky `vyucovaneskupiny`
--

DROP TABLE IF EXISTS `vyucovaneskupiny`;
CREATE TABLE `vyucovaneskupiny` (
  `idVyucovaneSkupiny` int(10) UNSIGNED NOT NULL,
  `idSkupiny` int(10) UNSIGNED NOT NULL,
  `idPredmety` int(10) UNSIGNED NOT NULL,
  `idVyucujici` int(10) UNSIGNED NOT NULL
) ENGINE=InnoDB DEFAULT CHARSET=utf8 COLLATE=utf8_czech_ci;

--
-- Vypisuji data pro tabulku `vyucovaneskupiny`
--

INSERT INTO `vyucovaneskupiny` (`idVyucovaneSkupiny`, `idSkupiny`, `idPredmety`, `idVyucujici`) VALUES
(7, 1, 1, 1),
(8, 2, 1, 1),
(9, 3, 1, 2),
(10, 4, 1, 3),
(11, 5, 1, 3),
(12, 6, 1, 1),
(13, 9, 2, 1),
(14, 12, 2, 1),
(15, 8, 2, 4),
(16, 11, 2, 4),
(17, 1, 2, 5);

-- --------------------------------------------------------

--
-- Struktura tabulky `vyucujici`
--

DROP TABLE IF EXISTS `vyucujici`;
CREATE TABLE `vyucujici` (
  `idVyucujici` int(10) UNSIGNED NOT NULL,
  `Jmeno` varchar(45) COLLATE utf8_czech_ci NOT NULL,
  `Prijmeni` varchar(45) COLLATE utf8_czech_ci NOT NULL,
  `internista` enum('Ano','Ne','Nevime') COLLATE utf8_czech_ci NOT NULL DEFAULT 'Ano'
) ENGINE=InnoDB DEFAULT CHARSET=utf8 COLLATE=utf8_czech_ci;

--
-- Vypisuji data pro tabulku `vyucujici`
--

INSERT INTO `vyucujici` (`idVyucujici`, `Jmeno`, `Prijmeni`, `internista`) VALUES
(1, 'Libor', 'Bajer', 'Ano'),
(2, 'Miroslav', 'Jirka', 'Ano'),
(3, 'Miloslav', 'Macháček', 'Ano'),
(4, 'Dagmar', 'Čechlovská', 'Ano'),
(5, 'Zdeněk', 'Sobotka', 'Nevime');

-- --------------------------------------------------------

--
-- Struktura tabulky `zaci`
--

DROP TABLE IF EXISTS `zaci`;
CREATE TABLE `zaci` (
  `idZaci` int(10) UNSIGNED NOT NULL,
  `Prijmeni` varchar(45) CHARACTER SET utf8 NOT NULL,
  `Jmeno` varchar(45) CHARACTER SET utf8 NOT NULL,
  `idTridy` int(10) UNSIGNED NOT NULL
) ENGINE=InnoDB DEFAULT CHARSET=utf8 COLLATE=utf8_czech_ci;

--
-- Vypisuji data pro tabulku `zaci`
--

INSERT INTO `zaci` (`idZaci`, `Prijmeni`, `Jmeno`, `idTridy`) VALUES
(1, 'Bažant', 'Matyáš', 1),
(2, 'Begera', 'Filip', 1),
(3, 'Bílek', 'František', 1),
(4, 'Bis', 'Michael', 1),
(5, 'Čermák', 'Jakub', 1),
(6, 'Černohous', 'Matěj', 1),
(7, 'Hlavatý', 'Lukáš', 1),
(8, 'Horka', 'David', 1),
(9, 'Klčo', 'Tomáš', 1),
(10, 'Kopic', 'Vít', 1),
(11, 'Krpata', 'Vojtěch', 1),
(12, 'Kunc', 'Nikolas', 1),
(13, 'Lange', 'Petr', 1),
(14, 'Měkota', 'Daniel', 1),
(15, 'Němec', 'Tomáš', 1),
(16, 'Novotný', 'Jiří', 1),
(17, 'Olbrich', 'Martin', 1),
(18, 'Stodola', 'David', 1),
(19, 'Šprongl', 'Matěj', 1),
(20, 'Štangl', 'Oliver', 1),
(21, 'Štěpánek', 'Martin', 1),
(22, 'Tecl', 'Marek', 1),
(23, 'Topolský', 'Tomáš', 1),
(24, 'Vít', 'David', 1),
(25, 'Brandejs', 'Jakub', 2),
(26, 'Čermák', 'Radek', 2),
(27, 'Ďuráč', 'Jakub', 2),
(28, 'Ešpandr', 'Jakub', 2),
(29, 'Havlík', 'Martin', 2),
(30, 'Jiřiště', 'Martin', 2),
(31, 'Jozefy', 'Tomáš', 2),
(32, 'Kolář', 'Matěj', 2),
(33, 'Korbář', 'Jakub', 2),
(34, 'Křičenský', 'Tomáš', 2),
(35, 'Kubant', 'Michal', 2),
(36, 'Kutík', 'Matyáš', 2),
(37, 'Martinek', 'Filip', 2),
(38, 'Modráček', 'Jan', 2),
(39, 'Posledník', 'Milan', 2),
(40, 'Pošvář', 'Patrik', 2),
(41, 'Říha', 'Michal', 2),
(42, 'Štěpánek', 'Jan', 2),
(43, 'Bartůšek', 'Adam', 3),
(44, 'Bekr', 'Ondřej', 3),
(45, 'Čihulka', 'David', 3),
(46, 'Dittrich', 'Marek', 3),
(47, 'Fišarová', 'Anežka', 3),
(48, 'Flégl', 'Jan', 3),
(49, 'Hadinec', 'Martin', 3),
(50, 'Holeček', 'Tomáš', 3),
(51, 'Janáček', 'Marek', 3),
(52, 'Klíma', 'Petr', 3),
(53, 'Koza', 'Vojtěch', 3),
(54, 'Lorenc', 'Dominik', 3),
(55, 'Novotný', 'Vojtěch', 3),
(56, 'Pavlíček', 'Jakub Miroslav', 3),
(57, 'Plíva', 'Petr', 3),
(58, 'Skoumal', 'Vladimír', 3),
(59, 'Šafář', 'Vojtěch', 3),
(60, 'Šimák', 'Petr', 3),
(61, 'Vlasák', 'Stanislav', 3),
(62, 'Bohuněk', 'David', 4),
(63, 'Čapek', 'Tomáš', 4),
(64, 'Doležal', 'Richard', 4),
(65, 'Drobný', 'Matej', 4),
(66, 'Frosch', 'Adam', 4),
(67, 'Hájek', 'Filip', 4),
(68, 'Havelka', 'Václav', 4),
(69, 'Joukl', 'Jakub', 4),
(70, 'Joukl', 'Martin', 4),
(71, 'Krčil', 'Josef', 4),
(72, 'Křen', 'Jakub', 4),
(73, 'Maier', 'Jan', 4),
(74, 'Melichar', 'Adam', 4),
(75, 'Minařík', 'Marek', 4),
(76, 'Novák', 'Matyáš', 4),
(77, 'Novotný', 'Adam', 4),
(78, 'Pecina', 'Jan', 4),
(79, 'Plaček', 'Pavel', 4),
(80, 'Poul', 'Štěpán', 4),
(81, 'Sardarian', 'Eduard', 4),
(82, 'Sommer', 'Damián', 4),
(83, 'Suchánek', 'Jan', 4),
(84, 'Svítek', 'Adam', 4),
(85, 'Šamánek', 'Radim', 4),
(86, 'Šebek', 'Filip', 4),
(87, 'Šemljanskij', 'Vincent', 4),
(88, 'Šindelka', 'Filip', 4),
(89, 'Šumpík', 'Jakub', 4),
(90, 'Theodor', 'Jan', 4),
(91, 'Valášek', 'Tomáš', 4),
(92, 'Bíman', 'Petr', 5),
(93, 'Čermák', 'Petr', 5),
(94, 'Douda', 'Ondřej', 5),
(95, 'Frau', 'David', 5),
(96, 'Hájek', 'Vojtěch', 5),
(97, 'Hanzl', 'Martin', 5),
(98, 'Horák', 'Jakub', 5),
(99, 'Jelínek', 'Michal', 5),
(100, 'Kábele', 'Patrik', 5),
(101, 'Kapeš', 'David', 5),
(102, 'Kováč', 'Jakub', 5),
(103, 'Kroužel', 'Lukáš', 5),
(104, 'Kubášek', 'Jan', 5),
(105, 'Kužílek', 'Jan', 5),
(106, 'Macke', 'Tomáš', 5),
(107, 'Makula', 'Vojtěch', 5),
(108, 'Novotný', 'Patrik', 5),
(109, 'Picka', 'Radek', 5),
(110, 'Polívka', 'Tomáš', 5),
(111, 'Solnička', 'Jiří', 5),
(112, 'Stoklasa', 'Tomáš', 5),
(113, 'Škrach', 'Jakub', 5),
(114, 'Tejnecký', 'Zdeněk', 5),
(115, 'Trpkoš', 'Jakub', 5),
(116, 'Vágner', 'Dominik', 5),
(117, 'Vágner', 'Matěj', 5),
(118, 'Valčík', 'Lukáš', 5),
(119, 'Vařejčka', 'Robert', 5),
(120, 'Vašina', 'Ladislav', 5),
(121, 'Voltr', 'František', 5),
(122, 'Absolon', 'Lukáš', 6),
(123, 'Bednář', 'David', 6),
(124, 'Bidlová', 'Alena', 6),
(125, 'Cach', 'Ondřej', 6),
(126, 'Cifra', 'Marek', 6),
(127, 'Doležal', 'Vojtěch', 6),
(128, 'Dušková', 'Klára', 6),
(129, 'Halousek', 'Vojtěch', 6),
(130, 'Horák', 'Jiří', 6),
(131, 'Hršel', 'Adam', 6),
(132, 'Janecká', 'Veronika', 6),
(133, 'Kolakovský', 'Robin', 6),
(134, 'Kolman', 'Josef', 6),
(135, 'Lachman', 'Radim', 6),
(136, 'Le', 'Hoang Nam', 6),
(137, 'Mocanu', 'Sorinel', 6),
(138, 'Mustafina', 'Anna', 6),
(139, 'Najman', 'Adam', 6),
(140, 'Navrátil', 'Filip', 6),
(141, 'Novák', 'Jaroslav', 6),
(142, 'Osinek', 'Pavel', 6),
(143, 'Pavlíček', 'Václav', 6),
(144, 'Svědiroh', 'Vojtěch', 6),
(145, 'Šmahel', 'Michal', 6),
(146, 'Trnka', 'Jiří', 6),
(147, 'Václavík', 'Matěj', 6),
(148, 'Valta', 'Lukáš', 6),
(149, 'Vaňous', 'Matěj', 6),
(150, 'Vondra', 'Martin', 6),
(151, 'Zdražil', 'Štěpán', 6),
(152, 'Adamcová', 'Klára', 7),
(153, 'Baborák', 'Daniel', 7),
(154, 'Bartošek', 'Jan', 7),
(155, 'Bartošek', 'Ondřej', 7),
(156, 'Černohlávková', 'Eliška', 7),
(157, 'Černý', 'Matěj', 7),
(158, 'Doubravová', 'Adéla', 7),
(159, 'Gregovská', 'Eva', 7),
(160, 'Grman', 'David', 7),
(161, 'Havran', 'Jan', 7),
(162, 'Howlett', 'Kristopher', 7),
(163, 'Jadrná', 'Kristýna', 7),
(164, 'Jirout', 'Jakub', 7),
(165, 'Karásková', 'Kateřina', 7),
(166, 'Lopauer', 'Dominik', 7),
(167, 'Nekvindová', 'Denisa', 7),
(168, 'Pácal', 'Štěpán', 7),
(169, 'Pelejová', 'Kateřina', 7),
(170, 'Pilná', 'Bára', 7),
(171, 'Ráb', 'Matěj', 7),
(172, 'Starovojtová', 'Libuše', 7),
(173, 'Svěrák', 'Daniel', 7),
(174, 'Vach', 'Martin', 7),
(175, 'Vaniš', 'David', 7),
(176, 'Vašíček', 'Miroslav', 7),
(177, 'Žukovský', 'Tomáš', 7),
(178, 'Červinka', 'Michael', 8),
(179, 'Eliáš', 'Marek', 8),
(180, 'Filipi', 'Filip', 8),
(181, 'Forejt', 'Tomáš', 8),
(182, 'Hašl', 'Michal', 8),
(183, 'Horčička', 'Patrik', 8),
(184, 'Knotek', 'Josef', 8),
(185, 'Kudrna', 'Lukáš', 8),
(186, 'Musil', 'Jan', 8),
(187, 'Navrátil', 'Filip', 8),
(188, 'Pavlata', 'Tomáš', 8),
(189, 'Slavík', 'Ondřej', 8),
(190, 'Šustr', 'Patrik', 8),
(191, 'Tichý', 'Jakub', 8),
(192, 'Tonner', 'Jan', 8),
(193, 'Věříš', 'Tomáš', 8),
(194, 'Veselý', 'Leoš', 8),
(195, 'Adamec', 'Lukáš', 9),
(196, 'Bítala', 'Ladislav', 9),
(197, 'Hanus', 'Pavel', 9),
(198, 'Javůrek', 'Michal', 9),
(199, 'Jirásko', 'Josef', 9),
(200, 'Kheil', 'Lukáš', 9),
(201, 'Koblása', 'Zdeněk', 9),
(202, 'Lipavský', 'Tomáš', 9),
(203, 'Marek', 'Jaroslav', 9),
(204, 'Netolický', 'Leoš', 9),
(205, 'Pavlas', 'Ladislav', 9),
(206, 'Pecka', 'Daniel', 9),
(207, 'Věříš', 'Martin', 9),
(208, 'Dušek', 'Jan', 10),
(209, 'Ferkl', 'Martin', 10),
(210, 'Fialka', 'Matyáš', 10),
(211, 'Flos', 'Milan', 10),
(212, 'Goláň', 'Radek', 10),
(213, 'Hlaváček', 'Jakub', 10),
(214, 'Janoštík', 'Petr', 10),
(215, 'Jirásek', 'František', 10),
(216, 'Kaplan', 'Antonín', 10),
(217, 'Kružík', 'Filip', 10),
(218, 'Lexman', 'Vojtěch', 10),
(219, 'Maršálek', 'Josef', 10),
(220, 'Musil', 'Marek', 10),
(221, 'Myška', 'Roman', 10),
(222, 'Pech', 'Matouš', 10),
(223, 'Pelc', 'Josef', 10),
(224, 'Rozlílek', 'Vít', 10),
(225, 'Růžek', 'Heřman', 10),
(226, 'Strmiska', 'Matouš', 10),
(227, 'Šebek', 'David', 10),
(228, 'Šimek', 'Josef', 10),
(229, 'Šprachta', 'Tomáš', 10),
(230, 'Švoma', 'Vojtěch', 10),
(231, 'Tecl', 'Vojtěch', 10),
(232, 'Tmej', 'Pavel', 10),
(233, 'Vaverka', 'David', 10),
(234, 'Wohner', 'Marek', 10),
(235, 'Zedníček', 'Antonín', 10),
(236, 'Zerzánek', 'Tomáš', 10),
(237, 'Beránek', 'David', 11),
(238, 'Beránek', 'Lukáš', 11),
(239, 'Boch', 'Jan', 11),
(240, 'Fuxa', 'Dominik', 11),
(241, 'Havlíček', 'David', 11),
(242, 'Holeček', 'Tomáš', 11),
(243, 'Chlanda', 'Patrik', 11),
(244, 'Kratochvíl', 'Tomáš', 11),
(245, 'Křivka', 'Filip', 11),
(246, 'Kylar', 'Adrian', 11),
(247, 'Loskot', 'Petr', 11),
(248, 'Macháček', 'Daniel', 11),
(249, 'Mařas', 'Michael', 11),
(250, 'Novák', 'Petr', 11),
(251, 'Plecháč', 'Jakub', 11),
(252, 'Pohorský', 'Ondřej', 11),
(253, 'Poledno', 'Martin', 11),
(254, 'Swarttouw', 'Thomas', 11),
(255, 'Vavroušek', 'Jakub', 11),
(256, 'Veselý', 'Michal', 11),
(257, 'Baďura', 'Jan', 12),
(258, 'Brouček', 'Vladimír', 12),
(259, 'Hromádka', 'Matěj', 12),
(260, 'Chlost', 'Jan', 12),
(261, 'Jiruše', 'Petr', 12),
(262, 'Joska', 'Jan', 12),
(263, 'Junek', 'Pavel', 12),
(264, 'Keller', 'Jakub', 12),
(265, 'Kopecký', 'Martin', 12),
(266, 'Krumpl', 'Jiří', 12),
(267, 'Kříž', 'Jakub', 12),
(268, 'Mikel', 'Ondřej', 12),
(269, 'Novotný', 'Oliver', 12),
(270, 'Palme', 'Jan', 12),
(271, 'Pánek', 'Lukáš', 12),
(272, 'Ráb', 'Jiří', 12),
(273, 'Sauer', 'Jan', 12),
(274, 'Sršeň', 'Jiří', 12),
(275, 'Šimerda', 'Jan', 12),
(276, 'Štěrovský', 'Jakub', 12),
(277, 'Velecký', 'Petr', 12),
(278, 'Zahálka', 'Martin', 12),
(279, 'Zběhlík', 'Jiří', 12),
(280, 'Zrzavý', 'Jan', 12),
(281, 'Bydžovský', 'Daniel', 13),
(282, 'Částka', 'David', 13),
(283, 'Hůlek', 'Matěj', 13),
(284, 'Hutla', 'Vojtěch', 13),
(285, 'Jakubovič', 'Tomáš', 13),
(286, 'Joska', 'Michal', 13),
(287, 'Kadečka', 'Jakub', 13),
(288, 'Kaštánek', 'Martin', 13),
(289, 'Kučera', 'Lukáš', 13),
(290, 'Kutlvašr', 'Václav', 13),
(291, 'Kyncl', 'David', 13),
(292, 'Mareš', 'Martin', 13),
(293, 'Motyčka', 'Michal', 13),
(294, 'Násada', 'David', 13),
(295, 'Nožička', 'Miroslav', 13),
(296, 'Pěknice-Muravský', 'Vít', 13),
(297, 'Pospíšil', 'Matěj', 13),
(298, 'Schejbal', 'Václav', 13),
(299, 'Schmidt', 'Petr', 13),
(300, 'Smolař', 'Vojtěch', 13),
(301, 'Sulovský', 'Ondřej', 13),
(302, 'Tomášek', 'Adam', 13),
(303, 'Urban', 'Michal', 13),
(304, 'Vacek', 'Jaroslav', 13),
(305, 'Zahálka', 'Nicholas', 13),
(306, 'Zavřel', 'Vojtěch', 13),
(307, 'Bardy', 'Ivan', 14),
(308, 'Blažek', 'Petr', 14),
(309, 'Boháč', 'Radek', 14),
(310, 'Císař', 'Tomáš', 14),
(311, 'Čáp', 'Jan', 14),
(312, 'Čumpelík', 'Petr', 14),
(313, 'Doležán', 'Tomáš', 14),
(314, 'Dostálek', 'Kevin', 14),
(315, 'Horák', 'Michal', 14),
(316, 'Jaroš', 'Jiří', 14),
(317, 'Kobera', 'Václav', 14),
(318, 'Kovář', 'Daniel', 14),
(319, 'Kovář', 'Martin', 14),
(320, 'Mejtský', 'Jan', 14),
(321, 'Merta', 'Zbyněk', 14),
(322, 'Mistrík', 'Karel', 14),
(323, 'Mlejnek', 'Petr', 14),
(324, 'Mňuk', 'Radek', 14),
(325, 'Oborník', 'Filip', 14),
(326, 'Oplatek', 'Michal', 14),
(327, 'Popel', 'Martin', 14),
(328, 'Řádek', 'Antonín', 14),
(329, 'Suchomel', 'Karel', 14),
(330, 'Sychrovský', 'Martin', 14),
(331, 'Tesař', 'Lukáš', 14),
(332, 'Zotov', 'Vítězslav', 14),
(333, 'Brychta', 'Adam', 15),
(334, 'Hála', 'Lukáš', 15),
(335, 'Hirt', 'Lukáš', 15),
(336, 'Hubáček', 'David', 15),
(337, 'Karabec', 'Jan', 15),
(338, 'Knesplová', 'Nikol', 15),
(339, 'Krčál', 'Tomáš', 15),
(340, 'Kuželová', 'Marie', 15),
(341, 'Langšádl', 'Ondřej', 15),
(342, 'Matoušková', 'Natálie', 15),
(343, 'Morávek', 'Vojtěch', 15),
(344, 'Moučka', 'Marek', 15),
(345, 'Nechvíle', 'Filip', 15),
(346, 'Pilařová', 'Nikola', 15),
(347, 'Rohlena', 'Václav', 15),
(348, 'Sedlářová', 'Karolína', 15),
(349, 'Sedlmayer', 'Petr', 15),
(350, 'Snětina', 'Aleš', 15),
(351, 'Soukup', 'Martin', 15),
(352, 'Šára', 'Petr', 15),
(353, 'Šťastný', 'Šimon', 15),
(354, 'Vacková', 'Jana', 15),
(355, 'Vaďák', 'Michal', 15),
(356, 'Vašek', 'Jan', 15),
(357, 'Vašková', 'Kateřina', 15),
(358, 'Včelišová', 'Kateřina', 15),
(359, 'Voksa', 'Marek', 15),
(360, 'Beneš', 'Lubomír', 16),
(361, 'Bleha', 'Dominik', 16),
(362, 'Bočkoroš', 'Daniel', 16),
(363, 'Bouček', 'Stanislav', 16),
(364, 'Cejpek', 'Mikuláš', 16),
(365, 'Culka', 'Daniel', 16),
(366, 'Francouz', 'Miroslav', 16),
(367, 'Friček', 'Martin', 16),
(368, 'Hohenberger', 'Pavel', 16),
(369, 'Chaloupka', 'Miroslav', 16),
(370, 'Jež', 'Matěj', 16),
(371, 'Knoll', 'Radoslav', 16),
(372, 'Krňávek', 'Matěj', 16),
(373, 'Lajner', 'Michal', 16),
(374, 'Manus', 'Tomáš', 16),
(375, 'Motyčka', 'Tomáš', 16),
(376, 'Novák', 'Jan', 16),
(377, 'Novotný', 'Jan', 16),
(378, 'Plechatý', 'Dominik', 16),
(379, 'Polách', 'Marek', 16),
(380, 'Průša', 'Tomáš', 16),
(381, 'Rosa', 'Lukáš', 16),
(382, 'Vaculín', 'Vojtěch', 16),
(383, 'Valenta', 'Ladislav', 16),
(384, 'Vanický', 'Jiří', 16),
(385, 'Vostradovský', 'Tomáš', 16),
(386, 'Balada', 'Martin', 17),
(387, 'Beran', 'Jan', 17),
(388, 'Cihlář', 'Filip', 17),
(389, 'Daněk', 'Jiří', 17),
(390, 'Fous', 'Petr', 17),
(391, 'Jodas', 'Vojtěch', 17),
(392, 'Jonáš', 'Kryštof', 17),
(393, 'Kubeček', 'Matěj', 17),
(394, 'Malý', 'Marek', 17),
(395, 'Malý', 'Vojtěch', 17),
(396, 'Marjankov', 'Evžen', 17),
(397, 'Moučka', 'Zdeněk', 17),
(398, 'Nejedlo', 'Michal', 17),
(399, 'Novák', 'Jiří', 17),
(400, 'Novotný', 'Petr', 17),
(401, 'Pejřil', 'Jan', 17),
(402, 'Prášil', 'Lukáš', 17),
(403, 'Procházka', 'Adam', 17),
(404, 'Sitař', 'Petr', 17),
(405, 'Svatoň', 'Jiří', 17),
(406, 'Štefček', 'Jakub', 17),
(407, 'Vaverka', 'Jiljí', 17),
(408, 'Vojtěch', 'Lukáš', 17),
(409, 'Brokeš', 'Josef', 18),
(410, 'Černík', 'Michal', 18),
(411, 'Dudych', 'Ondřej', 18),
(412, 'Havlíček', 'Michal', 18),
(413, 'Hetych', 'Štěpán', 18),
(414, 'Horák', 'Martin', 18),
(415, 'Hrouda', 'Aleš', 18),
(416, 'Hyhlík', 'Pavel', 18),
(417, 'Kašpar', 'Michal', 18),
(418, 'Konrád', 'Jan', 18),
(419, 'Michálek', 'Jiří', 18),
(420, 'Navrátil', 'Tomáš', 18),
(421, 'Pokorný', 'Tomáš', 18),
(422, 'Sirůček', 'Václav', 18),
(423, 'Šafránek', 'Jonáš', 18),
(424, 'Tkáčová', 'Denisa', 18),
(425, 'Vacek', 'Ondřej', 18),
(426, 'Věříš', 'Lukáš', 18),
(427, 'Volák', 'Matouš', 18),
(428, 'Wich', 'Petr', 18),
(429, 'Zerzán', 'Jan', 18),
(430, 'Beneš', 'Jan', 19),
(431, 'Bleha', 'David', 19),
(432, 'Bydžovský', 'Jiří', 19),
(433, 'Eliáš', 'Martin', 19),
(434, 'Fišer', 'Michal', 19),
(435, 'Havlíček', 'Jan', 19),
(436, 'Holeka', 'Lukáš', 19),
(437, 'Hroch', 'Michal', 19),
(438, 'Hybeš', 'David', 19),
(439, 'Joska', 'Filip', 19),
(440, 'Jurica', 'Josef', 19),
(441, 'Kobera', 'Jakub', 19),
(442, 'Kočka', 'Jakub', 19),
(443, 'Konrád', 'David', 19),
(444, 'Nepivoda', 'Tomáš', 19),
(445, 'Nováček', 'Michal', 19),
(446, 'Novák', 'Radim', 19),
(447, 'Novák', 'Tomáš', 19),
(448, 'Průšek', 'Jan', 19),
(449, 'Rázek', 'Stanislav', 19),
(450, 'Ruml', 'Tomáš', 19),
(451, 'Sádovský', 'Petr', 19),
(452, 'Syrový', 'Marek', 19),
(453, 'Bělohlávek', 'Jan', 20),
(454, 'Bohatý', 'Petr', 20),
(455, 'Bouška', 'Lukáš', 20),
(456, 'Gregovský', 'Jan', 20),
(457, 'Havlík', 'Vojtěch', 20),
(458, 'Hromádková', 'Hana', 20),
(459, 'Hynek', 'Richard', 20),
(460, 'Jukl', 'Lukáš', 20),
(461, 'Kápička', 'Radek', 20),
(462, 'Kopecký', 'Dominik', 20),
(463, 'Krejsa', 'Matěj', 20),
(464, 'Kučera', 'Martin', 20),
(465, 'Makeš', 'Michal', 20),
(466, 'Maleček', 'William', 20),
(467, 'Mikulík', 'Marcel', 20),
(468, 'Myška', 'Josef', 20),
(469, 'Pačes', 'Petr', 20),
(470, 'Pavelka', 'Vojtěch', 20),
(471, 'Picek', 'Michal', 20),
(472, 'Pouč', 'Radim', 20),
(473, 'Prorok', 'Matyáš', 20),
(474, 'Rejman', 'Jakub', 20),
(475, 'Smítal', 'Lukáš', 20),
(476, 'Stehno', 'Jan', 20),
(477, 'Stejskal', 'Michal', 20),
(478, 'Surma', 'Jan', 20),
(479, 'Svatoň', 'Martin', 20),
(480, 'Vaško', 'Daniel', 20),
(481, 'Vrátil', 'Daniel', 20),
(482, 'Zahradník', 'Vladimír', 20),
(483, 'Žák', 'Jiří', 20),
(484, 'Žouželka', 'Štěpán', 20),
(485, 'Beran', 'Michal', 21),
(486, 'Brzhezytskyy', 'Mykhaylo', 21),
(487, 'Čihák', 'Filip', 21),
(488, 'Čtvrtečka', 'Karel', 21),
(489, 'Ďatko', 'David', 21),
(490, 'Dokoupil', 'Martin', 21),
(491, 'Dokoupil', 'Tomáš', 21),
(492, 'Fujdl', 'Tomáš', 21),
(493, 'Horáček', 'Jaromír', 21),
(494, 'Horák', 'Jakub', 21),
(495, 'Chlad', 'Václav', 21),
(496, 'Jehlička', 'Josef', 21),
(497, 'Kemr', 'Radek', 21),
(498, 'Konrád', 'Ondřej', 21),
(499, 'Krátký', 'Matěj', 21),
(500, 'Machovec', 'Jakub', 21),
(501, 'Růžanský', 'Petr', 21),
(502, 'Sandhaus', 'Lukáš', 21),
(503, 'Skalický', 'Martin', 21),
(504, 'Stráník', 'David', 21),
(505, 'Šejna', 'Patrik', 21),
(506, 'Štěpánek', 'Michal', 21),
(507, 'Tajstra', 'Jakub', 21),
(508, 'Vodrážka', 'Lukáš', 21),
(509, 'Voleský', 'Jaroslav', 21),
(510, 'Vondra', 'Daniel', 21),
(511, 'Voříšek', 'Bartoloměj', 21),
(512, 'Zastoupil', 'Adam', 21),
(513, 'Zdražil', 'Lukáš', 21),
(514, 'Bartušek', 'Jiří', 22),
(515, 'Bednář', 'Petr', 22),
(516, 'Bielák', 'Michal', 22),
(517, 'Dvořák', 'Petr', 22),
(518, 'Grygar', 'Adam', 22),
(519, 'Holý', 'Radek', 22),
(520, 'Janáček', 'Lukáš', 22),
(521, 'Kejík', 'Tomáš', 22),
(522, 'Kopecký', 'Matěj', 22),
(523, 'Kozák', 'Jakub', 22),
(524, 'Kunc', 'Jaroslav', 22),
(525, 'Kysilka', 'Kryštof', 22),
(526, 'Meduna', 'Pavel', 22),
(527, 'Novák', 'Vlastimil', 22),
(528, 'Novotná', 'Nikola', 22),
(529, 'Orság', 'Tomáš', 22),
(530, 'Pálka', 'Patrik', 22),
(531, 'Patzák', 'Tomáš', 22),
(532, 'Pilař', 'Michal', 22),
(533, 'Šafář', 'Jan', 22),
(534, 'Štěpán', 'Jan', 22),
(535, 'Tesař', 'Ondřej', 22),
(536, 'Tměj', 'Tomáš', 22),
(537, 'Tuhovčák', 'Adam', 22),
(538, 'Vaníček', 'Marek', 22),
(539, 'Vaníček', 'Michal', 22),
(540, 'Zahradník', 'Tomáš', 22),
(541, 'Zouhar', 'Michal', 22),
(542, 'Bartoš', 'Martin', 23),
(543, 'Boček', 'Matouš', 23),
(544, 'Černý', 'Lukáš', 23),
(545, 'Drdlová', 'Adéla', 23),
(546, 'Dvořáčková', 'Anna', 23),
(547, 'Fikejs', 'Pavel', 23),
(548, 'Habarta', 'Tomáš', 23),
(549, 'Haláková', 'Barbora', 23),
(550, 'Janák', 'Jakub', 23),
(551, 'Kopřivová', 'Monika', 23),
(552, 'Kosejk', 'Lukáš', 23),
(553, 'Kropáčková', 'Petra', 23),
(554, 'Kuttichová', 'Eva', 23),
(555, 'Lupínek', 'Petr', 23),
(556, 'Macek', 'Jakub', 23),
(557, 'Markovicsová', 'Lenka', 23),
(558, 'Pokorná', 'Jana', 23),
(559, 'Portl', 'Tomáš', 23),
(560, 'Přibylová', 'Adéla', 23),
(561, 'Ptáčková', 'Anna', 23),
(562, 'Srnová', 'Kristýna', 23),
(563, 'Šmaha', 'David', 23),
(564, 'Šmaha', 'Tomáš', 23),
(565, 'Šoupalová', 'Aneta', 23),
(566, 'Zaoralová', 'Nikola', 23),
(567, 'Beran', 'Zdeněk', 24),
(568, 'Coufal', 'Přemysl', 24),
(569, 'Dlouhý', 'František', 24),
(570, 'Dostál', 'Lukáš', 24),
(571, 'Fikejs', 'Petr', 24),
(572, 'Housírek', 'Jan', 24),
(573, 'Janata', 'Jan', 24),
(574, 'Jedlička', 'Lukáš', 24),
(575, 'Jindra', 'Martin', 24),
(576, 'Jošt', 'Jan', 24),
(577, 'Jurčík', 'Martin', 24),
(578, 'Králíček', 'Michael', 24),
(579, 'Krejčík', 'Lukáš', 24),
(580, 'Kubík', 'Lukáš', 24),
(581, 'Louda', 'Ondřej', 24),
(582, 'Mihulka', 'Martin', 24),
(583, 'Mikulecký', 'Jiří', 24),
(584, 'Minařík', 'Jiří', 24),
(585, 'Mokrejš', 'Filip', 24),
(586, 'Novotný', 'Dominik', 24),
(587, 'Paulus', 'Mikuláš', 24),
(588, 'Pečenka', 'Lukáš', 24),
(589, 'Popelka', 'Tomáš', 24),
(590, 'Rauer', 'Marek', 24),
(591, 'Steiner', 'René', 24),
(592, 'Šeda', 'Jan', 24),
(593, 'Šulc', 'Jaroslav', 24),
(594, 'Válek', 'Vít', 24),
(595, 'Vasil', 'Martin', 24),
(596, 'Vavera', 'Daniel', 24),
(597, 'Zach', 'Pavel', 24),
(598, 'Zelený', 'Daniel', 24),
(599, 'Zeman', 'Martin', 24),
(600, 'Bak', 'Patrik', 25),
(601, 'Brandejs', 'Petr', 25),
(602, 'Čermák', 'František', 25),
(603, 'Danihelka', 'Dominik', 25),
(604, 'Dašek', 'Jan', 25),
(605, 'Enkhbold', 'Telmen', 25),
(606, 'Hanka', 'Adam', 25),
(607, 'Holmes', 'Michael', 25),
(608, 'Holub', 'Josef', 25),
(609, 'Jelínek', 'Ondřej', 25),
(610, 'Klein', 'Michal', 25),
(611, 'Kubát', 'Jakub', 25),
(612, 'Lebduška', 'Filip', 25),
(613, 'Lorenc', 'Jakub', 25),
(614, 'Olovský', 'Tomáš', 25),
(615, 'Procházka', 'Tomáš', 25),
(616, 'Seifert', 'Tomáš', 25),
(617, 'Topič', 'Marek', 25),
(618, 'Vondráček', 'Jiří', 25),
(619, 'Andrys', 'Jan', 26),
(620, 'Berger', 'Tomáš', 26),
(621, 'Cepl', 'Jakub', 26),
(622, 'Douša', 'Martin', 26),
(623, 'Draganović', 'Filip', 26),
(624, 'Dušek', 'Pavel', 26),
(625, 'Fišer', 'Jan', 26),
(626, 'Fridrich', 'Jan', 26),
(627, 'Gerlich', 'Petr', 26),
(628, 'Hrubý', 'Jakub', 26),
(629, 'Jelínek', 'Oldřich', 26),
(630, 'Jirků', 'Lukáš', 26),
(631, 'Kopecký', 'Petr', 26),
(632, 'Kopytko', 'Alexandr', 26),
(633, 'Kosina', 'David', 26),
(634, 'Lorenc', 'Michal', 26),
(635, 'Lorenc', 'Tomáš', 26),
(636, 'Mrázek', 'Lukáš', 26),
(637, 'Novotný', 'Jiří', 26),
(638, 'Nymburský', 'Daniel', 26),
(639, 'Pilný', 'Tomáš', 26),
(640, 'Podzemský', 'Tomáš', 26),
(641, 'Poláček', 'František', 26),
(642, 'Pražák', 'Jiří', 26),
(643, 'Prosecký', 'Jan', 26),
(644, 'Puchoň', 'David', 26),
(645, 'Svědiroh', 'Stanislav', 26),
(646, 'Šešulka', 'Jakub', 26),
(647, 'Šikl', 'David', 26),
(648, 'Štancl', 'Jan', 26),
(649, 'Štěpán', 'Radim', 26),
(650, 'Švec', 'Patrik', 26),
(651, 'Venzara', 'Bartoloměj', 26),
(652, 'Zmítko', 'Václav', 26),
(653, 'Bednář', 'František', 27),
(654, 'Bohuněk', 'Viktor', 27),
(655, 'Brandýský', 'Miroslav', 27),
(656, 'Cimbál', 'Jan', 27),
(657, 'Dolák', 'Martin', 27),
(658, 'Drášil', 'Tomáš', 27),
(659, 'Fiala', 'Patrik', 27),
(660, 'Hubálek', 'Matěj', 27),
(661, 'Janíček', 'Miloš', 27),
(662, 'Kašpar', 'Ondřej', 27),
(663, 'Kazda', 'Petr', 27),
(664, 'Konštacký', 'Vít', 27),
(665, 'Kopřiva', 'Jan', 27),
(666, 'Kraus', 'Tomáš', 27),
(667, 'Kučera', 'Michal', 27),
(668, 'Lejhanec', 'Lukáš', 27),
(669, 'Novák', 'Filip', 27),
(670, 'Pokorný', 'Jakub', 27),
(671, 'Rokos', 'Tomáš', 27),
(672, 'Rudolf', 'Jan', 27),
(673, 'Růžička', 'Richard', 27),
(674, 'Secký', 'Lukáš', 27),
(675, 'Slabý', 'Jakub', 27),
(676, 'Vaniš', 'Tomáš', 27),
(677, 'Voda', 'Radovan', 27),
(678, 'Zelinka', 'Adam', 27),
(679, 'Albrecht', 'Jan', 28),
(680, 'Doležal', 'Dominik', 28),
(681, 'Hejzlar', 'Jan', 28),
(682, 'Jaroš', 'Jan', 28),
(683, 'Jelínek', 'Matěj', 28),
(684, 'Jireš', 'Michal', 28),
(685, 'Karpíšek', 'Vojtěch', 28),
(686, 'Kliková', 'Milena', 28),
(687, 'Kosek', 'Pavel', 28),
(688, 'Kreheľ', 'Michael', 28),
(689, 'Krejčík', 'Marek', 28),
(690, 'Kulhavý', 'Jakub', 28),
(691, 'Lipenský', 'Pavel', 28),
(692, 'Lustyk', 'Jakub', 28),
(693, 'Odvárka', 'David', 28),
(694, 'Pauk', 'Lukáš', 28),
(695, 'Pilný', 'Martin', 28),
(696, 'Plachý', 'Milan', 28),
(697, 'Sahliger', 'Radek', 28),
(698, 'Severa', 'David', 28),
(699, 'Skipala', 'Daniel', 28),
(700, 'Soukup', 'Jan', 28),
(701, 'Suchý', 'Daniel', 28),
(702, 'Surgent', 'Lukáš', 28),
(703, 'Tomica', 'Erik', 28),
(704, 'Zajíc', 'Martin', 28),
(705, 'Žídek', 'Jan', 28),
(706, 'Boháč', 'Lukáš', 29),
(707, 'Březina', 'Jiří', 29),
(708, 'Gajdorus', 'Martin', 29),
(709, 'Jeníček', 'Šimon', 29),
(710, 'Jeřábek', 'Jakub', 29),
(711, 'Jeřábek', 'Tomáš', 29),
(712, 'Koubek', 'Adam', 29),
(713, 'Landsmann', 'Adam', 29),
(714, 'Makovič', 'Ivan', 29),
(715, 'Merkl', 'Filip', 29),
(716, 'Navrátil', 'Vojtěch', 29),
(717, 'Novotný', 'Jan', 29),
(718, 'Obermajer', 'Oldřich', 29),
(719, 'Pavlíček', 'Marek', 29),
(720, 'Pešek', 'Daniel', 29),
(721, 'Petras', 'Michal', 29),
(722, 'Pišl', 'Ondřej', 29),
(723, 'Pleskot', 'Tomáš', 29),
(724, 'Pudil', 'Pavel', 29),
(725, 'Pulc', 'Ondřej', 29),
(726, 'Roubíček', 'Lukáš', 29),
(727, 'Rybenský', 'Michal', 29),
(728, 'Řezáč', 'Vít', 29),
(729, 'Schestag', 'Jakub', 29),
(730, 'Sulzer', 'Dominik', 29),
(731, 'Urjinkhand', 'Choimaa', 29),
(732, 'Vavřička', 'Kamil', 29),
(733, 'Vavřina', 'Daniel', 29),
(734, 'Vít', 'Jan', 29),
(735, 'Filipová', 'Andrea', 30),
(736, 'Harych', 'Michal', 30),
(737, 'Homola', 'Radek', 30),
(738, 'Horáček', 'Jakub', 30),
(739, 'Chalupník', 'Jan', 30),
(740, 'Kaplanová', 'Lenka', 30),
(741, 'Kebza', 'Tomáš', 30),
(742, 'Ledvinková', 'Michaela', 30),
(743, 'Loubová', 'Barbora', 30),
(744, 'Ludwig', 'Marek', 30),
(745, 'Macháček', 'Jiří', 30),
(746, 'Málková', 'Klára', 30),
(747, 'Mikolášková', 'Karolína', 30),
(748, 'Německý', 'Bohumil', 30),
(749, 'Peštová', 'Barbora', 30),
(750, 'Podolský', 'Ondřej', 30),
(751, 'Svobodová', 'Edita', 30),
(752, 'Šimek', 'Jaroslav', 30),
(753, 'Vobejda', 'Patrik', 30),
(754, 'Andrle', 'Tomáš', 31),
(755, 'Blažek', 'Leoš', 31),
(756, 'Čáň', 'Ondřej', 31),
(757, 'Fialka', 'Jakub', 31),
(758, 'Frolík', 'Tomáš', 31),
(759, 'Greger', 'Stanislav', 31),
(760, 'Havránek', 'Jakub', 31),
(761, 'Heblík', 'Lukáš', 31),
(762, 'Horký', 'Martin', 31),
(763, 'Jebavý', 'Patrik', 31),
(764, 'Jireš', 'Michael', 31),
(765, 'Kada', 'Martin', 31),
(766, 'Kaštánek', 'Petr', 31),
(767, 'Kolín', 'Luboš', 31),
(768, 'Kořínek', 'Michal', 31),
(769, 'Kostelecký', 'Daniel', 31),
(770, 'Kotál', 'Daniel', 31),
(771, 'Krejčík', 'Roman', 31),
(772, 'Láska', 'Pavel', 31),
(773, 'Lidmila', 'Tomáš', 31),
(774, 'Melichar', 'Štěpán', 31),
(775, 'Mísař', 'Daniel', 31),
(776, 'Skalník', 'František', 31),
(777, 'Sýkora', 'Martin', 31),
(778, 'Uličný', 'Jiří', 31),
(779, 'Urválek', 'Jakub', 31),
(780, 'Vaculín', 'Josef', 31),
(781, 'Viktorin', 'Jan', 31),
(782, 'Zábský', 'Marek', 31),
(783, 'Zavadil', 'Karel', 31),
(784, 'Žaloudek', 'Radim', 31);

-- --------------------------------------------------------

--
-- Struktura tabulky `znamky`
--

DROP TABLE IF EXISTS `znamky`;
CREATE TABLE `znamky` (
  `idZnamky` int(10) UNSIGNED NOT NULL,
  `Hodnota` tinyint(3) UNSIGNED NOT NULL,
  `Datum` date NOT NULL,
  `idKategorieZnamek` int(10) UNSIGNED NOT NULL,
  `idZaci` int(10) UNSIGNED NOT NULL,
  `idVyucovaneSkupiny` int(10) UNSIGNED NOT NULL
) ENGINE=InnoDB DEFAULT CHARSET=utf8 COLLATE=utf8_czech_ci;

--
-- Vypisuji data pro tabulku `znamky`
--

INSERT INTO `znamky` (`idZnamky`, `Hodnota`, `Datum`, `idKategorieZnamek`, `idZaci`, `idVyucovaneSkupiny`) VALUES
(1, 5, '2017-02-06', 13, 269, 9),
(2, 1, '2017-02-07', 13, 270, 9),
(3, 2, '2017-02-08', 13, 271, 9),
(4, 1, '2017-02-09', 13, 272, 9),
(5, 2, '2017-02-10', 13, 273, 9),
(6, 5, '2017-02-11', 13, 274, 9),
(7, 1, '2017-02-12', 13, 275, 9),
(8, 0, '2017-02-13', 13, 276, 9),
(9, 5, '2017-02-14', 13, 277, 9),
(10, 5, '2017-02-15', 13, 278, 9),
(11, 5, '2017-02-16', 13, 279, 9),
(12, 5, '2017-02-17', 13, 280, 9),
(13, 1, '2017-02-13', 7, 257, 7),
(14, 1, '2017-02-13', 7, 258, 7),
(15, 1, '2017-02-13', 7, 259, 7),
(16, 2, '2017-02-13', 7, 260, 7),
(17, 2, '2017-02-13', 7, 261, 7),
(18, 1, '2017-02-13', 7, 262, 7),
(19, 2, '2017-02-13', 7, 263, 7),
(20, 1, '2017-02-13', 10, 263, 8),
(21, 1, '2017-02-13', 12, 263, 8),
(22, 1, '2017-02-13', 7, 264, 7),
(23, 1, '2017-02-13', 7, 265, 7),
(24, 1, '2017-02-13', 7, 266, 7),
(25, 2, '2017-02-13', 7, 267, 7),
(26, 1, '2017-02-13', 7, 268, 7),
(27, 1, '2017-02-13', 7, 269, 7),
(28, 1, '2017-02-13', 7, 270, 7),
(29, 2, '2017-02-13', 7, 271, 7),
(30, 1, '2017-02-13', 7, 272, 7),
(31, 2, '2017-02-13', 7, 273, 7),
(32, 1, '2017-02-13', 7, 274, 7),
(33, 1, '2017-02-13', 7, 275, 7),
(34, 2, '2017-02-13', 7, 276, 7),
(35, 1, '2017-02-13', 7, 277, 7),
(36, 1, '2017-02-13', 7, 278, 7),
(37, 2, '2017-02-13', 7, 279, 7),
(38, 1, '2017-02-13', 7, 280, 7),
(39, 1, '2017-02-20', 8, 294, 12),
(40, 2, '2017-02-20', 8, 296, 12),
(41, 1, '2017-02-20', 8, 297, 12),
(42, 1, '2017-02-20', 8, 299, 12),
(43, 1, '2017-02-20', 8, 300, 12),
(44, 1, '2017-02-20', 8, 301, 12),
(45, 2, '2017-02-20', 8, 302, 12),
(46, 1, '2017-02-20', 8, 303, 12),
(47, 1, '2017-02-20', 8, 304, 12),
(48, 1, '2017-02-20', 8, 305, 12),
(49, 2, '2017-02-20', 8, 306, 12),
(50, 5, '2017-02-20', 9, 258, 7),
(51, 5, '2017-02-20', 9, 259, 7),
(52, 5, '2017-02-20', 9, 264, 7),
(53, 2, '2017-02-20', 9, 265, 7),
(54, 5, '2017-02-20', 9, 268, 7),
(55, 4, '2017-02-20', 9, 272, 7),
(56, 5, '2017-02-20', 9, 274, 7),
(57, 1, '2017-02-20', 15, 274, 9),
(58, 1, '2017-02-20', 15, 274, 9),
(59, 5, '2017-02-20', 9, 277, 7),
(60, 5, '2017-02-20', 9, 280, 7),
(61, 1, '2017-02-27', 10, 259, 8),
(62, 1, '2017-02-27', 10, 263, 8),
(63, 1, '2017-02-27', 11, 297, 12),
(64, 2, '2017-03-20', 13, 269, 9),
(65, 1, '2017-03-20', 13, 270, 9),
(66, 2, '2017-03-20', 13, 271, 9),
(67, 2, '2017-03-20', 13, 272, 9),
(68, 3, '2017-03-20', 13, 273, 9),
(69, 5, '2017-03-20', 13, 274, 9),
(70, 1, '2017-03-20', 13, 275, 9),
(71, 2, '2017-03-20', 13, 276, 9),
(72, 3, '2017-03-20', 13, 277, 9),
(73, 2, '2017-03-20', 13, 278, 9),
(74, 1, '2017-03-20', 13, 279, 9),
(75, 4, '2017-03-20', 13, 280, 9),
(76, 5, '2017-03-27', 6, 294, 12),
(77, 5, '2017-03-27', 6, 296, 12),
(78, 5, '2017-03-27', 6, 297, 12),
(79, 2, '2017-03-27', 6, 299, 12),
(80, 2, '2017-03-27', 6, 300, 12),
(81, 5, '2017-03-27', 6, 301, 12),
(82, 5, '2017-03-27', 6, 302, 12),
(83, 5, '2017-03-27', 6, 303, 12),
(84, 5, '2017-03-27', 6, 304, 12),
(85, 3, '2017-03-27', 6, 305, 12),
(86, 5, '2017-03-27', 6, 306, 12),
(87, 5, '2017-03-27', 4, 257, 8),
(88, 5, '2017-03-27', 4, 258, 8),
(89, 5, '2017-03-27', 4, 259, 8),
(90, 5, '2017-03-27', 4, 260, 8),
(91, 5, '2017-03-27', 4, 261, 8),
(92, 5, '2017-03-27', 4, 262, 8),
(93, 5, '2017-03-27', 4, 264, 8),
(94, 5, '2017-03-27', 4, 265, 8),
(95, 2, '2017-03-27', 4, 266, 8),
(96, 4, '2017-03-27', 4, 267, 8),
(97, 5, '2017-03-27', 4, 268, 8),
(98, 1, '2017-03-27', 14, 279, 9),
(99, 2, '2017-04-03', 3, 257, 7),
(100, 2, '2017-04-03', 3, 262, 7),
(101, 2, '2017-04-10', 1, 257, 7),
(102, 1, '2017-04-10', 1, 258, 7),
(103, 1, '2017-04-10', 1, 259, 7),
(104, 1, '2017-04-10', 1, 260, 7),
(105, 1, '2017-04-10', 1, 261, 7),
(106, 1, '2017-04-10', 1, 262, 7),
(107, 0, '2017-04-10', 1, 263, 7),
(108, 2, '2017-04-10', 1, 264, 7),
(109, 1, '2017-04-10', 1, 265, 7),
(110, 0, '2017-04-10', 1, 266, 7),
(111, 1, '2017-04-10', 1, 267, 7),
(112, 1, '2017-04-10', 1, 268, 7),
(113, 5, '2017-04-10', 1, 269, 7),
(114, 1, '2017-04-10', 1, 270, 7),
(115, 4, '2017-04-10', 1, 271, 7),
(116, 2, '2017-04-10', 1, 272, 7),
(117, 2, '2017-04-10', 1, 273, 7),
(118, 3, '2017-04-10', 1, 274, 7),
(119, 2, '2017-04-10', 1, 275, 7),
(120, 1, '2017-04-10', 1, 276, 7),
(121, 1, '2017-04-10', 1, 277, 7),
(122, 2, '2017-04-10', 1, 278, 7),
(123, 1, '2017-04-10', 1, 279, 7),
(124, 4, '2017-04-10', 1, 280, 7),
(125, 2, '2017-04-10', 11, 294, 12),
(126, 2, '2017-04-24', 3, 266, 7),
(127, 2, '2017-04-24', 13, 269, 9),
(128, 1, '2017-04-24', 13, 270, 9),
(129, 3, '2017-04-24', 13, 271, 9),
(130, 3, '2017-04-24', 3, 272, 7),
(131, 2, '2017-04-24', 13, 272, 9),
(132, 3, '2017-04-24', 13, 273, 9),
(133, 1, '2017-04-24', 3, 274, 7),
(134, 4, '2017-04-24', 13, 274, 9),
(135, 1, '2017-04-24', 13, 275, 9),
(136, 1, '2017-04-24', 13, 276, 9),
(137, 4, '2017-04-24', 13, 277, 9),
(138, 1, '2017-04-24', 13, 278, 9),
(139, 3, '2017-04-24', 3, 279, 7),
(140, 1, '2017-04-24', 13, 279, 9),
(141, 3, '2017-04-24', 13, 280, 9),
(142, 1, '2017-04-24', 11, 302, 12),
(143, 2, '2017-05-15', 10, 258, 8),
(144, 2, '2017-05-15', 10, 260, 8),
(145, 2, '2017-05-15', 10, 261, 8),
(146, 1, '2017-05-15', 10, 263, 8),
(147, 2, '2017-05-15', 10, 265, 8),
(148, 2, '2017-05-15', 10, 267, 8),
(149, 5, '2017-05-15', 14, 277, 9),
(150, 2, '2017-06-05', 4, 257, 8),
(151, 2, '2017-06-05', 4, 258, 8),
(152, 0, '2017-06-05', 4, 259, 8),
(153, 2, '2017-06-05', 4, 260, 8),
(154, 3, '2017-06-05', 4, 261, 8),
(155, 1, '2017-06-05', 4, 262, 8),
(156, 2, '2017-06-05', 4, 263, 8),
(157, 3, '2017-06-05', 4, 264, 8),
(158, 3, '2017-06-05', 4, 265, 8),
(159, 3, '2017-06-05', 4, 266, 8),
(160, 2, '2017-06-05', 4, 267, 8),
(161, 3, '2017-06-05', 4, 268, 8),
(162, 5, '2017-06-12', 6, 294, 12),
(163, 5, '2017-06-12', 6, 296, 12),
(164, 5, '2017-06-12', 6, 297, 12),
(165, 2, '2017-06-12', 6, 299, 12),
(166, 0, '2017-06-12', 6, 300, 12),
(167, 0, '2017-06-12', 6, 301, 12),
(168, 3, '2017-06-12', 6, 302, 12),
(169, 3, '2017-06-12', 6, 303, 12),
(170, 3, '2017-06-12', 6, 304, 12),
(171, 3, '2017-06-12', 6, 305, 12),
(172, 3, '2017-06-12', 6, 306, 12),
(173, 2, '2017-06-12', 2, 257, 7),
(174, 5, '2017-06-12', 2, 258, 7),
(175, 5, '2017-06-12', 2, 259, 7),
(176, 4, '2017-06-12', 2, 260, 7),
(177, 4, '2017-06-12', 2, 261, 7),
(178, 2, '2017-06-12', 2, 262, 7),
(179, 1, '2017-06-12', 2, 263, 7),
(180, 4, '2017-06-12', 2, 264, 7),
(181, 3, '2017-06-12', 2, 265, 7),
(182, 2, '2017-06-12', 2, 266, 7),
(183, 3, '2017-06-12', 2, 267, 7),
(184, 4, '2017-06-12', 2, 268, 7),
(185, 4, '2017-06-12', 2, 269, 7),
(186, 2, '2017-06-12', 2, 270, 7),
(187, 4, '2017-06-12', 2, 271, 7),
(188, 4, '2017-06-12', 2, 272, 7),
(189, 2, '2017-06-12', 2, 273, 7),
(190, 5, '2017-06-12', 2, 274, 7),
(191, 1, '2017-06-12', 2, 275, 7),
(192, 3, '2017-06-12', 2, 276, 7),
(193, 5, '2017-06-12', 2, 277, 7),
(194, 3, '2017-06-12', 2, 278, 7),
(195, 3, '2017-06-12', 2, 279, 7),
(196, 5, '2017-06-12', 2, 280, 7),
(197, 1, '2017-06-19', 11, 306, 12),
(198, 1, '2017-06-19', 11, 306, 12);

--
-- Klíče pro exportované tabulky
--

--
-- Klíče pro tabulku `kategorieznamek`
--
ALTER TABLE `kategorieznamek`
  ADD PRIMARY KEY (`idKategorieZnamek`);

--
-- Klíče pro tabulku `predmety`
--
ALTER TABLE `predmety`
  ADD PRIMARY KEY (`idPredmety`),
  ADD UNIQUE KEY `Zkratka_UNIQUE` (`Zkratka`);

--
-- Klíče pro tabulku `skupiny`
--
ALTER TABLE `skupiny`
  ADD PRIMARY KEY (`idSkupiny`),
  ADD UNIQUE KEY `idTridyOznaceni_UNIQUE` (`idTridy`,`Oznaceni`);

--
-- Klíče pro tabulku `skupinyzaku`
--
ALTER TABLE `skupinyzaku`
  ADD PRIMARY KEY (`idSkupiny`,`idZaci`);

--
-- Klíče pro tabulku `tridy`
--
ALTER TABLE `tridy`
  ADD PRIMARY KEY (`idTridy`);

--
-- Klíče pro tabulku `vyucovaneskupiny`
--
ALTER TABLE `vyucovaneskupiny`
  ADD PRIMARY KEY (`idVyucovaneSkupiny`),
  ADD UNIQUE KEY `uq_PredmetSkupina` (`idPredmety`,`idSkupiny`);

--
-- Klíče pro tabulku `vyucujici`
--
ALTER TABLE `vyucujici`
  ADD PRIMARY KEY (`idVyucujici`);

--
-- Klíče pro tabulku `zaci`
--
ALTER TABLE `zaci`
  ADD PRIMARY KEY (`idZaci`);

--
-- Klíče pro tabulku `znamky`
--
ALTER TABLE `znamky`
  ADD PRIMARY KEY (`idZnamky`);

--
-- AUTO_INCREMENT pro tabulky
--

--
-- AUTO_INCREMENT pro tabulku `kategorieznamek`
--
ALTER TABLE `kategorieznamek`
  MODIFY `idKategorieZnamek` int(10) UNSIGNED NOT NULL AUTO_INCREMENT, AUTO_INCREMENT=16;
--
-- AUTO_INCREMENT pro tabulku `predmety`
--
ALTER TABLE `predmety`
  MODIFY `idPredmety` int(10) UNSIGNED NOT NULL AUTO_INCREMENT, AUTO_INCREMENT=3;
--
-- AUTO_INCREMENT pro tabulku `skupiny`
--
ALTER TABLE `skupiny`
  MODIFY `idSkupiny` int(10) UNSIGNED NOT NULL AUTO_INCREMENT, AUTO_INCREMENT=98;
--
-- AUTO_INCREMENT pro tabulku `tridy`
--
ALTER TABLE `tridy`
  MODIFY `idTridy` int(10) UNSIGNED NOT NULL AUTO_INCREMENT, AUTO_INCREMENT=37;
--
-- AUTO_INCREMENT pro tabulku `vyucovaneskupiny`
--
ALTER TABLE `vyucovaneskupiny`
  MODIFY `idVyucovaneSkupiny` int(10) UNSIGNED NOT NULL AUTO_INCREMENT, AUTO_INCREMENT=18;
--
-- AUTO_INCREMENT pro tabulku `vyucujici`
--
ALTER TABLE `vyucujici`
  MODIFY `idVyucujici` int(10) UNSIGNED NOT NULL AUTO_INCREMENT, AUTO_INCREMENT=6;
--
-- AUTO_INCREMENT pro tabulku `zaci`
--
ALTER TABLE `zaci`
  MODIFY `idZaci` int(10) UNSIGNED NOT NULL AUTO_INCREMENT, AUTO_INCREMENT=785;
--
-- AUTO_INCREMENT pro tabulku `znamky`
--
ALTER TABLE `znamky`
  MODIFY `idZnamky` int(10) UNSIGNED NOT NULL AUTO_INCREMENT, AUTO_INCREMENT=199;
/*!40101 SET CHARACTER_SET_CLIENT=@OLD_CHARACTER_SET_CLIENT */;
/*!40101 SET CHARACTER_SET_RESULTS=@OLD_CHARACTER_SET_RESULTS */;
/*!40101 SET COLLATION_CONNECTION=@OLD_COLLATION_CONNECTION */;
